No,Category,Pattern Name,Keywords,Description,State Management,Best Practices,Code Example,Anti-Patterns,Framework,Accessibility Notes
1,State,Local Component State,"state, local, useState, reactive, component",Single component state for UI controls,"useState or useReducer for complex state",Keep state close to where it's used; lift state only when needed,"const [isOpen, setIsOpen] = useState(false); const toggle = () => setIsOpen(prev => !prev);",Prop drilling multiple levels; global state for local UI,React,State changes should be announced to screen readers
2,State,Derived State,"state, derived, computed, calculated, memo",Values computed from existing state,"useMemo for expensive calculations; derive inline for simple cases",Avoid storing derived data; calculate on render,"const total = useMemo(() => items.reduce((sum, item) => sum + item.price, 0), [items]);",Storing computed values in state; stale derived data,React,Update derived values synchronously
3,State,Form State,"state, form, input, controlled, validation",Managing form inputs and validation,"useState for simple forms; react-hook-form for complex cases",Use controlled inputs; validate on blur and submit,"const [email, setEmail] = useState(''); const handleChange = (e) => setEmail(e.target.value);",Uncontrolled inputs with refs; excessive re-renders,React,Associate errors with inputs using aria-describedby
4,State,Async State,"state, async, loading, error, data",Managing loading/error/success states,"Custom hook pattern: { data, isLoading, error }",Handle all states: idle loading success error,"const [state, setState] = useState({ data: null, isLoading: true, error: null });",Ignoring loading states; unhandled errors,React,Announce loading and error states
5,State,List State,"state, list, array, collection, crud",Managing arrays with add/remove/update,"useState with immutable updates; consider useReducer for complex operations",Use unique keys; prefer immutable operations,"const addItem = (item) => setItems(prev => [...prev, item]); const removeItem = (id) => setItems(prev => prev.filter(i => i.id !== id));",Mutating arrays directly; index as key,React,Announce list changes to screen readers
6,Effects,Data Fetching,"effect, fetch, api, data, async",Fetching data on mount or dependency change,"useEffect with cleanup; consider React Query or SWR",Handle abort on unmount; cache when possible,"useEffect(() => { const controller = new AbortController(); fetchData(controller.signal); return () => controller.abort(); }, [dependency]);",Missing cleanup; race conditions,React,Show loading skeleton during fetch
7,Effects,Event Listeners,"effect, event, listener, window, document",Subscribing to DOM events,"useEffect with cleanup function",Add listener in effect; remove in cleanup,"useEffect(() => { window.addEventListener('resize', handler); return () => window.removeEventListener('resize', handler); }, [handler]);",Missing cleanup; stale closures,React,Throttle/debounce high-frequency events
8,Effects,Timer Effects,"effect, timer, interval, timeout, delay",Scheduling delayed or repeated actions,"useEffect with cleanup; consider custom hook",Clear timers in cleanup; use refs for mutable values,"useEffect(() => { const id = setInterval(tick, 1000); return () => clearInterval(id); }, []);",Not clearing timers; memory leaks,React,Pause timers when tab not visible
9,Interactivity,Click Outside,"interactivity, click, outside, dismiss, blur",Detecting clicks outside element to dismiss,"useRef + useEffect with document listener",Attach to document; check ref.current.contains,"useEffect(() => { const handler = (e) => { if (ref.current && !ref.current.contains(e.target)) onClose(); }; document.addEventListener('mousedown', handler); return () => document.removeEventListener('mousedown', handler); }, [onClose]);",Missing touch events; wrong event phase,React,Also close on Escape key press
10,Interactivity,Keyboard Navigation,"interactivity, keyboard, navigation, arrows, focus",Arrow key navigation in menus and lists,"useState for focused index; keydown handler",Support arrow keys Home End; wrap focus,"const handleKeyDown = (e) => { switch(e.key) { case 'ArrowDown': setFocusIndex(i => Math.min(i + 1, items.length - 1)); break; case 'ArrowUp': setFocusIndex(i => Math.max(i - 1, 0)); break; } };",Mouse-only interaction; no keyboard support,React,Use roving tabindex pattern
11,Interactivity,Focus Management,"interactivity, focus, trap, modal, accessibility",Trapping focus in modals and managing focus flow,"useRef for focus target; useEffect for focus on mount",Trap focus in modals; return focus on close,"useEffect(() => { const prevFocus = document.activeElement; firstElement.current?.focus(); return () => prevFocus?.focus(); }, []);",Focus escapes modal; lost focus context,React,Use role=dialog with aria-modal
12,Interactivity,Drag and Drop,"interactivity, drag, drop, reorder, sortable",Reordering items with drag and drop,"useState for drag state; HTML5 drag API or dnd-kit",Show drop indicator; update state on drop,"const handleDragEnd = (result) => { if (!result.destination) return; const items = Array.from(list); const [moved] = items.splice(result.source.index, 1); items.splice(result.destination.index, 0, moved); setList(items); };",Animation jank; inaccessible,React,Provide keyboard reorder alternative
13,Interactivity,Infinite Scroll,"interactivity, infinite, scroll, pagination, load",Loading more content on scroll,"IntersectionObserver + useState for items",Use sentinel element; debounce loading,"const observer = new IntersectionObserver((entries) => { if (entries[0].isIntersecting && hasMore) loadMore(); }); observer.observe(sentinelRef.current);",Loading too eagerly; memory issues,React,Provide pagination fallback
14,Interactivity,Scroll Position,"interactivity, scroll, position, header, sticky",Reacting to scroll position changes,"useState + throttled scroll listener",Throttle handler; use requestAnimationFrame,"const [scrolled, setScrolled] = useState(false); useEffect(() => { const handler = () => setScrolled(window.scrollY > 100); window.addEventListener('scroll', handler, { passive: true }); return () => window.removeEventListener('scroll', handler); }, []);",Performance issues; excessive re-renders,React,Use passive event listeners
15,Optimizations,Debounce Input,"optimization, debounce, input, search, delay",Delaying action until user stops typing,"Custom debounce hook with useRef and setTimeout",300-500ms delay for search; immediate for UX-critical,"const [debouncedValue, setDebouncedValue] = useState(value); useEffect(() => { const timer = setTimeout(() => setDebouncedValue(value), delay); return () => clearTimeout(timer); }, [value, delay]);",No debounce on search; API spam,React,Show loading indicator during delay
16,Optimizations,Throttle Events,"optimization, throttle, scroll, resize, performance",Limiting event handler frequency,"Custom throttle hook with useRef and timestamps",Use for scroll/resize; 16ms for 60fps,"const throttle = (fn, limit) => { let lastCall = 0; return (...args) => { const now = Date.now(); if (now - lastCall >= limit) { lastCall = now; fn(...args); } }; };",Unthrottled scroll handlers; jank,React,Match throttle to animation frames
17,Optimizations,Virtualization,"optimization, virtualization, list, performance, large",Rendering only visible items in large lists,"react-window or react-virtualized",Use for 100+ items; estimate item height,"<FixedSizeList height={400} itemCount={items.length} itemSize={50} width={'100%'}>{({ index, style }) => <div style={style}>{items[index]}</div>}</FixedSizeList>",Rendering thousands of DOM nodes,React,Maintain scroll position on updates
18,Optimizations,Memoization,"optimization, memo, useMemo, useCallback, performance",Preventing unnecessary re-renders and recalculations,"React.memo for components; useMemo/useCallback for values",Profile before optimizing; don't over-memo,"const MemoizedComponent = React.memo(({ data }) => <div>{data}</div>); const handleClick = useCallback(() => { /* action */ }, [dependency]);",Premature optimization; wrong dependencies,React,Memoize expensive accessibility calculations
19,Animation,Enter/Exit,"animation, enter, exit, transition, mount",Animating components on mount and unmount,"AnimatePresence (Framer Motion) or CSS transitions",Use transform and opacity for performance,"<AnimatePresence>{isVisible && <motion.div initial={{ opacity: 0 }} animate={{ opacity: 1 }} exit={{ opacity: 0 }}>Content</motion.div>}</AnimatePresence>",Layout shift; no exit animation,React,Respect prefers-reduced-motion
20,Animation,Page Transitions,"animation, page, transition, route, navigation",Smooth transitions between pages,"AnimatePresence with route changes; View Transitions API",Keep transitions fast (200-300ms); use shared elements,"<AnimatePresence mode='wait'><motion.div key={pathname} initial={{ opacity: 0 }} animate={{ opacity: 1 }} exit={{ opacity: 0 }}>{children}</motion.div></AnimatePresence>",Slow transitions; blocked navigation,React,Don't animate focus-critical elements
21,Animation,Scroll-Triggered,"animation, scroll, reveal, intersection, observer",Animating elements as they enter viewport,"IntersectionObserver or scroll-based library",Animate once; use transform not layout,"const [ref, inView] = useInView({ triggerOnce: true }); <motion.div ref={ref} initial={{ y: 50, opacity: 0 }} animate={inView ? { y: 0, opacity: 1 } : {}}>Content</motion.div>",Animating offscreen elements; janky scroll,React,Use reduced-motion alternative
22,Animation,Gesture-Based,"animation, gesture, drag, swipe, touch",Responding to touch and drag gestures,"framer-motion gestures or use-gesture library",Add velocity to feel natural; provide visual feedback,"<motion.div drag='x' dragConstraints={{ left: -100, right: 100 }} whileDrag={{ scale: 1.02 }}>Draggable</motion.div>",No gesture feedback; stuck states,React,Provide non-gesture alternative
23,Patterns,Optimistic Updates,"pattern, optimistic, update, instant, undo",Updating UI before server confirmation,"Update local state immediately; rollback on error",Show undo option; handle errors gracefully,"const addTodo = async (todo) => { const tempId = Date.now(); setTodos(prev => [...prev, { ...todo, id: tempId }]); try { const result = await api.addTodo(todo); setTodos(prev => prev.map(t => t.id === tempId ? result : t)); } catch { setTodos(prev => prev.filter(t => t.id !== tempId)); showError('Failed'); } };",No error handling; no undo option,React,Announce success/failure to screen readers
24,Patterns,Controlled Components,"pattern, controlled, form, input, value",Parent controls component state entirely,"Pass value and onChange; no internal state",Always pair value with onChange handler,"<Select value={selected} onChange={setSelected} options={options} />",Mixing controlled and uncontrolled,React,Maintain focus during controlled updates
25,Patterns,Compound Components,"pattern, compound, children, composition, context",Related components sharing implicit state,"React.createContext for shared state",Use children or render props; avoid prop drilling,"<Tabs defaultValue='tab1'><TabsList><TabsTrigger value='tab1'>Tab 1</TabsTrigger></TabsList><TabsContent value='tab1'>Content</TabsContent></Tabs>",Excessive prop passing; tight coupling,React,Ensure compound components work with a11y
26,Patterns,Render Props,"pattern, render, props, children, composition",Sharing behavior via function-as-children,"Pass render function as child or prop",Keep render prop simple; memoize if needed,"<DataFetcher url='/api/data'>{({ data, isLoading }) => isLoading ? <Spinner /> : <DataList items={data} />}</DataFetcher>",Complex nested render props; callback hell,React,Maintain accessible structure in render
27,Patterns,Custom Hooks,"pattern, hook, custom, reusable, logic",Extracting reusable stateful logic,"Start with 'use'; return values and actions",Keep hooks focused; compose from primitives,"function useToggle(initial = false) { const [value, setValue] = useState(initial); const toggle = useCallback(() => setValue(v => !v), []); return [value, toggle]; }",Hooks with too many responsibilities,React,Consider accessibility in hook design
28,Patterns,Provider Pattern,"pattern, provider, context, theme, global",Sharing global state across component tree,"React.createContext with Provider component",Use multiple providers for different concerns,"const ThemeContext = createContext(); function ThemeProvider({ children }) { const [theme, setTheme] = useState('light'); return <ThemeContext.Provider value={{ theme, setTheme }}>{children}</ThemeContext.Provider>; }",Single god provider; prop drilling,React,Sync with system preferences
29,Data,Real-time Updates,"data, realtime, websocket, subscription, live",Live data updates via WebSocket or SSE,"useEffect for connection; useState for data",Handle reconnection; show connection status,"useEffect(() => { const ws = new WebSocket(url); ws.onmessage = (e) => setData(JSON.parse(e.data)); return () => ws.close(); }, [url]);",No reconnection logic; memory leaks,React,Announce significant updates
30,Data,Caching Strategy,"data, cache, stale, revalidate, swr",Caching API responses with smart revalidation,"SWR or React Query for automatic caching",stale-while-revalidate; background refresh,"const { data, error, isLoading } = useSWR('/api/user', fetcher, { refreshInterval: 30000, revalidateOnFocus: true });",Cache invalidation issues; stale data,React,Show last-updated timestamp
31,Data,Pagination,"data, pagination, pages, cursor, offset",Loading data in chunks with page controls,"useState for page; useEffect to fetch",Show total count; handle edge cases,"const [page, setPage] = useState(1); const { data } = useSWR(`/api/items?page=${page}`); return <>{data?.items.map(item => ...)}<Pagination current={page} total={data?.totalPages} onChange={setPage} /></>;",Loading all data upfront; no loading states,React,Announce page changes to screen readers
32,Data,Search and Filter,"data, search, filter, query, debounce",Filtering data with search queries,"useState for filters; debounce search input",Combine filters in URL params; debounce typing,"const [search, setSearch] = useState(''); const debouncedSearch = useDebounce(search, 300); const filtered = items.filter(item => item.name.toLowerCase().includes(debouncedSearch.toLowerCase()));",No debounce; filtering on server for small lists,React,Announce result count after filter
